Product Code,Name,Price,Link
SE4342," Eкологична плюшена играчка, Златна коза, 20 см",13.90€,https://tinitoys.bg/index.php?route=product/product&path=129&product_id=5300
SE6116," Keel Toys, Oрангутан, екологична плюшена играчка от серията Keeleco, 25 см",20.40€,https://tinitoys.bg/index.php?route=product/product&path=129&product_id=3449
SE2274," Keel Toys, Бебе Мамут, плюшена играчка, 20 см",17.84€,https://tinitoys.bg/index.php?route=product/product&path=129&product_id=4614
SE6425," Keel Toys, Бухал, плюшена екологична играчка от серията Keeleco, 19 см",12.90€,https://tinitoys.bg/index.php?route=product/product&path=129&product_id=3461
SE6117," Keel Toys, Горила, екологична плюшена играчка от серията Keeleco, 30 см",21.50€,https://tinitoys.bg/index.php?route=product/product&path=129&product_id=3451
SE1433," Keel Toys, Диво куче, екологична плюшена играчка от серията Keeleco, 18 см",13.90€,https://tinitoys.bg/index.php?route=product/product&path=129&product_id=4477
SE6579C," Keel Toys, Динозавър Диплодок, плюшена играчка, 26 см",14.90€,https://tinitoys.bg/index.php?route=product/product&path=129&product_id=4617
SE6579D," Keel Toys, Динозавър Стегозавър, плюшена играчка, 26 см",14.90€,https://tinitoys.bg/index.php?route=product/product&path=129&product_id=4618
SX1934," Keel Toys, Еленчето Рудолф с шалче, плюшена играчка, 20 см",16.82€,https://tinitoys.bg/index.php?route=product/product&path=129&product_id=4632
SX1935," Keel Toys, Еленчето Рудолф с шалче, плюшена играчка, 25 см",22.96€,https://tinitoys.bg/index.php?route=product/product&path=129&product_id=4631
SX1936," Keel Toys, Еленчето Рудолф с шалче, плюшена играчка, 35 см",40.90€,https://tinitoys.bg/index.php?route=product/product&path=129&product_id=4629
SX1957," Keel Toys, Коледен гном, плюшена играчка, 15 см",7.50€,https://tinitoys.bg/index.php?route=product/product&path=129&product_id=4638
SX1946," Keel Toys, Коледни животни със шалче, плюшена играчка, 16 см",13.90€,https://tinitoys.bg/index.php?route=product/product&path=129&product_id=4634
SX1947," Keel Toys, Коледни животни със шалче, плюшена играчка, 25 см",19.50€,https://tinitoys.bg/index.php?route=product/product&path=129&product_id=4635
SE6140," Keel Toys, Костенурка, екологична плюшена играчка от серията Keeleco, 25 см",13.90€,https://tinitoys.bg/index.php?route=product/product&path=129&product_id=3456
SX1945," Keel Toys, Куче дакел с коледен костюм, плюшена играчка, 25 см",22.90€,https://tinitoys.bg/index.php?route=product/product&path=129&product_id=4633
SE6141," Keel Toys, Ленивец, eкологична плюшена играчка от серията Keeleco, 25 см",19.90€,https://tinitoys.bg/index.php?route=product/product&path=129&product_id=3455
SX1925," Keel Toys, Мече с шалче, плюшена коледна играчка, 20 см",12.90€,https://tinitoys.bg/index.php?route=product/product&path=129&product_id=4621
SX1926," Keel Toys, Мече с шалче, плюшена коледна играчка, 25 см",15.50€,https://tinitoys.bg/index.php?route=product/product&path=129&product_id=4620
SE6122," Keel Toys, Панда, екологична плюшена играчка от серията Keeleco, 18 см",12.90€,https://tinitoys.bg/index.php?route=product/product&path=129&product_id=3453
SE6705," Keel Toys, Плюшена играчка, Овца, 19 см",11.90€,https://tinitoys.bg/index.php?route=product/product&path=129&product_id=3466
SE6707," Keel Toys, Плюшена играчка, Пиле, 18 см",11.90€,https://tinitoys.bg/index.php?route=product/product&path=129&product_id=3467
SR2191," Keel Toys, Плюшена играчка, Седяща овца, 20 см",10.69€,https://tinitoys.bg/index.php?route=product/product&path=129&product_id=3500
SX1928," Keel Toys, Полярна мечка с шалче, плюшена играчка, 20 см",13.90€,https://tinitoys.bg/index.php?route=product/product&path=129&product_id=4625
SX1929," Keel Toys, Полярна мечка с шалче, плюшена играчка, 25 см",18.36€,https://tinitoys.bg/index.php?route=product/product&path=129&product_id=4626
SX1937," Keel Toys, Снежен човек, плюшена коледна играчка, 20 см",12.22€,https://tinitoys.bg/index.php?route=product/product&path=129&product_id=4622
SE6126," Keel Toys, Сурикат, плюшена играчка, 30 см",15.90€,https://tinitoys.bg/index.php?route=product/product&path=129&product_id=4615
SV1979," Keel Toys, Таралеж със сърце I love you, плюшена играчка, 20 см",11.90€,https://tinitoys.bg/index.php?route=product/product&path=129&product_id=4624
SV1980," Keel Toys, Таралеж със сърце I love you, плюшена играчка, 25 см",15.50€,https://tinitoys.bg/index.php?route=product/product&path=129&product_id=4623
SX1950," Keel Toys, Таралежче с коледно облекло, плюшена играчка, 20 см",16.50€,https://tinitoys.bg/index.php?route=product/product&path=129&product_id=4636
SX1951," Keel Toys, Таралежче с коледно облекло, плюшена играчка, 22 см",20.50€,https://tinitoys.bg/index.php?route=product/product&path=129&product_id=4637
SE6579B," Keel Toys, Тиранозавър Рекс, плюшена играчка, 26 см",14.90€,https://tinitoys.bg/index.php?route=product/product&path=129&product_id=4616
SX8157," Keel Toys, Хъски с шалче със звездичка, плюшена играчка, 25 см",17.90€,https://tinitoys.bg/index.php?route=product/product&path=129&product_id=4630
SX1931," Keel Toys, Хъски с шалче, плюшена играчка, 20 см",14.78€,https://tinitoys.bg/index.php?route=product/product&path=129&product_id=4627
SX1932," Keel Toys, Хъски с шалче, плюшена играчка, 25 см",18.50€,https://tinitoys.bg/index.php?route=product/product&path=129&product_id=4628
SE6114," Keel Toys, Шимпанзе, плюшена екологична играчка от серията Keeleco, 25 см",20.50€,https://tinitoys.bg/index.php?route=product/product&path=129&product_id=3447
SE6702," Keel Toys,Видра, екологична плюшена играчка от серията Keeleco, 23 см",12.90€,https://tinitoys.bg/index.php?route=product/product&path=129&product_id=4458
SF0955," Анимотсу, Плюшенo жирафче, 15 см",8.90€,https://tinitoys.bg/index.php?route=product/product&path=129&product_id=3173
SX3532," Дядо Коледа, 20 см",13.90€,https://tinitoys.bg/index.php?route=product/product&path=129&product_id=4977
SE4077," Екологична играчка, Панда, 20 см",12.90€,https://tinitoys.bg/index.php?route=product/product&path=129&product_id=5510
SE3519," Екологична плюшена играчка, Бебешка дрънкалка стик, Костенурка, 14 см",9.90€,https://tinitoys.bg/index.php?route=product/product&path=129&product_id=4891
SE6706," Екологична плюшена играчка, Жаба, 18 см",12.90€,https://tinitoys.bg/index.php?route=product/product&path=129&product_id=5292
SE4067," Екологична плюшена играчка, Ленивец, 38 см",12.90€,https://tinitoys.bg/index.php?route=product/product&path=129&product_id=5508
SE2803," Екологична плюшена играчка, Магаре, 20 см",11.50€,https://tinitoys.bg/index.php?route=product/product&path=129&product_id=5513
SE4723," Екологична плюшена играчка, Седяща дива котка, 14 см",11.50€,https://tinitoys.bg/index.php?route=product/product&path=129&product_id=5503
SE9106," Екологична плюшена играчка, Синьо мече, 25 см",12.50€,https://tinitoys.bg/index.php?route=product/product&path=129&product_id=5523
SE3938," Екологична плюшена играчка, Тигър, 25 см",15.90€,https://tinitoys.bg/index.php?route=product/product&path=129&product_id=5556
SX3543," Еленчето Рудолф, 25 см",20.50€,https://tinitoys.bg/index.php?route=product/product&path=129&product_id=4972
94204," Зайчето Бъни, цвят крем, 36 см",15.29€,https://tinitoys.bg/index.php?route=product/product&path=129&product_id=4940
SE4920," Капибара със звук, 15 см",12.90€,https://tinitoys.bg/index.php?route=product/product&path=129&product_id=5684
SX3548," Коледна елха, 30 см",11.71€,https://tinitoys.bg/index.php?route=product/product&path=129&product_id=4970
EP3558," Кученце в чантичка, 16 см, асортимент",15.50€,https://tinitoys.bg/index.php?route=product/product&path=129&product_id=4967
EP3559," Кученце с дрешка, 18 см, асортимент",15.50€,https://tinitoys.bg/index.php?route=product/product&path=129&product_id=4968
EK2281," Легнали котета, 30 см, асортимент",18.36€,https://tinitoys.bg/index.php?route=product/product&path=129&product_id=4966
SE3705," Ленивец, eкологична плюшена играчка, 18 см.",13.50€,https://tinitoys.bg/index.php?route=product/product&path=129&product_id=5298
SX3553," Мини Мотсу, Коледа, асортимент",7.50€,https://tinitoys.bg/index.php?route=product/product&path=129&product_id=4969
SX1104," Плюшена играчка, Бяло полярно мече, 10 см",5.57€,https://tinitoys.bg/index.php?route=product/product&path=129&product_id=3159
SF3029," Плюшени играчки Боббълс, Храна, 8 см., асортимент",4.50€,https://tinitoys.bg/index.php?route=product/product&path=129&product_id=5310
SE3951," Плюшени плодове и зеленчуци, 12 см., асортимент",6.50€,https://tinitoys.bg/index.php?route=product/product&path=129&product_id=5309
SE3858," Плюшено седнало коте, Kitty Love, 14 см, асортимент",11.90€,https://tinitoys.bg/index.php?route=product/product&path=129&product_id=5308
SX3545," Хъски, 20 см",13.90€,https://tinitoys.bg/index.php?route=product/product&path=129&product_id=4971
SE4919," Черно-бяла стояща крава, 30 см",19.50€,https://tinitoys.bg/index.php?route=product/product&path=129&product_id=5689
SX1736,"Animotsu, Дядо Коледа, плюшена играчка, 15 см, Keel Toys",8.64€,https://tinitoys.bg/index.php?route=product/product&path=129&product_id=4639
SX1736_elf,"Animotsu, Елф, плюшена играчка, 15 см, Keel Toys",8.64€,https://tinitoys.bg/index.php?route=product/product&path=129&product_id=4640
SF1640,"Animotsu, Морски свят, 15 см, Keel Toys",9.15€,https://tinitoys.bg/index.php?route=product/product&path=129&product_id=2668
SF1635,"Animotsu, Пингвин, 15 см, Keel Toys",8.90€,https://tinitoys.bg/index.php?route=product/product&path=129&product_id=2666
SF0845,"Animotsu, Плюшен еднорог, 25 см, Keel Toys",14.90€,https://tinitoys.bg/index.php?route=product/product&path=129&product_id=2656
SF1637,"Animotsu, Цветно лъвче, 15 см, Keel Toys",8.90€,https://tinitoys.bg/index.php?route=product/product&path=129&product_id=2667
SE4069,"Eкологична плюшена играчка, Вълк, 25 см.",18.90€,https://tinitoys.bg/index.php?route=product/product&path=129&product_id=5299
SE3697,"Eкологична плюшена играчка, Косатка, 30 см",12.90€,https://tinitoys.bg/index.php?route=product/product&path=129&product_id=5518
SE2095,"Eкологична плюшена играчка, Нарвал, 25 см",11.90€,https://tinitoys.bg/index.php?route=product/product&path=129&product_id=5520
SE3700,"Eкологична плюшена играчка, Тюлен, 30 см",12.90€,https://tinitoys.bg/index.php?route=product/product&path=129&product_id=5517
SE3495,"Eкологична плюшена играчка, Червена панда, 20 см.",13.90€,https://tinitoys.bg/index.php?route=product/product&path=129&product_id=5295
SE6123,"Keel eco, Плюшена играчка, Панда, 25 см, Keel Toys",19.90€,https://tinitoys.bg/index.php?route=product/product&path=129&product_id=2651
SE6120,"Keel eco, Плюшена играчка, Полярна мечка, 18 см, Keel Toys",11.90€,https://tinitoys.bg/index.php?route=product/product&path=129&product_id=2649
SE6121,"Keel eco, Плюшена играчка, Полярна мечка, 25 см, Keel Toys",22.50€,https://tinitoys.bg/index.php?route=product/product&path=129&product_id=2650
SE6176,"Keel eco, Плюшена играчка, Тюлен, 25 см, Keel Toys",13.75€,https://tinitoys.bg/index.php?route=product/product&path=129&product_id=2652
SE6115,"Keel Toys, Oрангутан, екологична плюшена играчка от серията Keeleco, 18 см",14.50€,https://tinitoys.bg/index.php?route=product/product&path=129&product_id=3448
SF0956,"Keel Toys, Анимотсу, Плюшенo къртиче, 15 см",8.90€,https://tinitoys.bg/index.php?route=product/product&path=129&product_id=2657
SF0957,"Keel Toys, Анимотсу, Плюшена играчка, лилава панда, 15 см",8.90€,https://tinitoys.bg/index.php?route=product/product&path=129&product_id=2658
SF0436,"Keel Toys, Анимотсу, Плюшена маймунка, 15 см",9.15€,https://tinitoys.bg/index.php?route=product/product&path=129&product_id=2654
SF0959,"Keel Toys, Анимотсу, Плюшена цветна маймунка, 15 см",8.90€,https://tinitoys.bg/index.php?route=product/product&path=129&product_id=2660
SF0958,"Keel Toys, Анимотсу, Плюшено розово мече, 15 см",8.90€,https://tinitoys.bg/index.php?route=product/product&path=129&product_id=2659
SF0960,"Keel Toys, Анимотсу, Плюшено цветно бухалче, 15 см",8.90€,https://tinitoys.bg/index.php?route=product/product&path=129&product_id=2661
SE6727,"Keel Toys, Бебешка играчка за гушкане, Агне",10.50€,https://tinitoys.bg/index.php?route=product/product&path=129&product_id=3494
SE2078,"Keel Toys, Бебешка играчка за гушкане, Маймунка",10.50€,https://tinitoys.bg/index.php?route=product/product&path=129&product_id=4469
SE2073,"Keel Toys, Бебешка играчка за гушкане, Мече",10.50€,https://tinitoys.bg/index.php?route=product/product&path=129&product_id=4464
SE2083,"Keel Toys, Бебешка играчка за гушкане, Слонче",10.50€,https://tinitoys.bg/index.php?route=product/product&path=129&product_id=4473
SN0783,"Keel Toys, Бебешко зайче, 15 см, асортимент",9.15€,https://tinitoys.bg/index.php?route=product/product&path=129&product_id=2674
SN0786,"Keel Toys, Бебешко зайче, бяло с точки",12.73€,https://tinitoys.bg/index.php?route=product/product&path=129&product_id=2161
SE6174,"Keel Toys, Горила, екологична плюшена играчка от серията Keeleco, 20 см",18.50€,https://tinitoys.bg/index.php?route=product/product&path=129&product_id=3450
SE6124,"Keel Toys, Жираф, екологична плюшена играчка от серията Keeleco, 30 см",15.90€,https://tinitoys.bg/index.php?route=product/product&path=129&product_id=3454
SE6175,"Keel Toys, Императорски пингвин, плюшена играчка от серията Keeleco, 20 см",11.90€,https://tinitoys.bg/index.php?route=product/product&path=129&product_id=3457
SE1102,"Keel Toys, Императорски пингвин, плюшена играчка от серията Keeleco, 25 см",15.50€,https://tinitoys.bg/index.php?route=product/product&path=129&product_id=3803
SE6178,"Keel Toys, Кит, екологична плюшена играчка от серията Keeleco, 25 см",12.90€,https://tinitoys.bg/index.php?route=product/product&path=129&product_id=3458
SE1211,"Keel Toys, Ленивец, екологична плюшена играчка от серията Keeleco, 25 см",17.50€,https://tinitoys.bg/index.php?route=product/product&path=129&product_id=3804
SE6424,"Keel Toys, Лисица - екологична плюшена играчка от серията Keeleco, 18 см",12.90€,https://tinitoys.bg/index.php?route=product/product&path=129&product_id=3460
SE6231,"Keel Toys, Лъв, екологична плюшена играчка от серията Keeleco, 18 см",12.90€,https://tinitoys.bg/index.php?route=product/product&path=129&product_id=3445
SE6358,"Keel Toys, Мече, екологична плюшена играчка от серията Keeleco, 20 см",12.90€,https://tinitoys.bg/index.php?route=product/product&path=129&product_id=3499
SE6359,"Keel Toys, Мече, екологична плюшена играчка от серията Keeleco, 25 см",16.90€,https://tinitoys.bg/index.php?route=product/product&path=129&product_id=3444
SF4873,"Keel Toys, Пипинс, Плюшена играчка, Еднорог, 14 см",8.90€,https://tinitoys.bg/index.php?route=product/product&path=129&product_id=2672
SF6563,"Keel Toys, Пипинс, Плюшена играчка, Лама, 14 см",8.90€,https://tinitoys.bg/index.php?route=product/product&path=129&product_id=3496
SF0969,"Keel Toys, Пипинс, Плюшена играчка, Ленивец, 14 см",8.90€,https://tinitoys.bg/index.php?route=product/product&path=129&product_id=2664
SF0968,"Keel Toys, Пипинс, Плюшена играчка, Лилав дракон, 14 см",9.15€,https://tinitoys.bg/index.php?route=product/product&path=129&product_id=2663
SF0970,"Keel Toys, Пипинс, Плюшена играчка, Снежен леопард, 14 см",8.90€,https://tinitoys.bg/index.php?route=product/product&path=129&product_id=2665
SF1562,"Keel Toys, Плюшен еднорог, 50 см",20.40€,https://tinitoys.bg/index.php?route=product/product&path=129&product_id=2154
SF1562,"Keel Toys, Плюшен еднорог, 50 см",20.40€,https://tinitoys.bg/index.php?route=product/product&path=129&product_id=2155
SF2122,"Keel Toys, Плюшен пегас, 35 см",45.97€,https://tinitoys.bg/index.php?route=product/product&path=129&product_id=2158
SD2626,"Keel Toys, Плюшенa играчка, Немска овчарка, 25 см",15.29€,https://tinitoys.bg/index.php?route=product/product&path=129&product_id=3497
SF6241,"Keel Toys, Плюшена играчка за гушкане, Диви животни, асортимент",13.90€,https://tinitoys.bg/index.php?route=product/product&path=129&product_id=3505
SF6337,"Keel Toys, Плюшена играчка за гушкане, Ферма, асортимент",15.50€,https://tinitoys.bg/index.php?route=product/product&path=129&product_id=3506
SE6725,"Keel Toys, Плюшена играчка, Агънце, 14 см",9.90€,https://tinitoys.bg/index.php?route=product/product&path=129&product_id=3492
SE6726,"Keel Toys, Плюшена играчка, Агънце, 25 см",16.90€,https://tinitoys.bg/index.php?route=product/product&path=129&product_id=3493
SE6709,"Keel Toys, Плюшена играчка, Коала, 14 см",10.50€,https://tinitoys.bg/index.php?route=product/product&path=129&product_id=3468
SE6703,"Keel Toys, Плюшена играчка, Крава, 18 см",12.90€,https://tinitoys.bg/index.php?route=product/product&path=129&product_id=3464
SW1550_brown,"Keel Toys, Плюшена играчка, Морско свинче със звук, 16 см, кафяво",11.90€,https://tinitoys.bg/index.php?route=product/product&path=129&product_id=3441
SW1550_gray,"Keel Toys, Плюшена играчка, Морско свинче със звук, 16 см, сиво",11.90€,https://tinitoys.bg/index.php?route=product/product&path=129&product_id=3442
SE6704,"Keel Toys, Плюшена играчка, Прасе, 18 см",12.90€,https://tinitoys.bg/index.php?route=product/product&path=129&product_id=3465
SR3319,"Keel Toys, Плюшена играчка, Седнало зайче, 20 см, асортимент",11.71€,https://tinitoys.bg/index.php?route=product/product&path=129&product_id=3502
SE6701,"Keel Toys, Плюшена играчка, Таралеж, 18 см",11.90€,https://tinitoys.bg/index.php?route=product/product&path=129&product_id=3463
SE6700,"Keel Toys, Плюшена играчка, Язовец, 25 см",12.90€,https://tinitoys.bg/index.php?route=product/product&path=129&product_id=3462
SC2648,"Keel Toys, Плюшена черна котка с бели петна, 32 см",22.96€,https://tinitoys.bg/index.php?route=product/product&path=129&product_id=3498
SD2532,"Keel Toys, Плюшено куче, Немска овчарка, 32 см",22.96€,https://tinitoys.bg/index.php?route=product/product&path=129&product_id=2164
SD2458,"Keel Toys, Плюшено куче, Хъски, 25 см",15.50€,https://tinitoys.bg/index.php?route=product/product&path=129&product_id=2163
SE6423,"Keel Toys, Сърна - екологична плюшена играчка от серията Keeleco, 22 см",12.90€,https://tinitoys.bg/index.php?route=product/product&path=129&product_id=3459
SE6113,"Keel Toys, Шимпанзе, екологична плюшена играчка от серията Keeleco, 18 см",14.50€,https://tinitoys.bg/index.php?route=product/product&path=129&product_id=3446
SE2284,"Keeleco Adoptable World,  Екологична мини плюшена играчка, 10 см, асортимент, Keel Toys",6.90€,https://tinitoys.bg/index.php?route=product/product&path=129&product_id=4480
SE2285_owl,"Keeleco Adoptable World, Екологична мини плюшенa играчка, Бухалче, 10 см, Keel Toys",6.90€,https://tinitoys.bg/index.php?route=product/product&path=129&product_id=4484
SE2285_dinosaur,"Keeleco Adoptable World, Екологична мини плюшенa играчка, Динозавърче, 10 см, Keel Toys",6.90€,https://tinitoys.bg/index.php?route=product/product&path=129&product_id=4481
SE2285_unicorn,"Keeleco Adoptable World, Екологична мини плюшенa играчка, Еднорог, 10 см, Keel Toys",6.90€,https://tinitoys.bg/index.php?route=product/product&path=129&product_id=4487
SE2285_rabbit,"Keeleco Adoptable World, Екологична мини плюшенa играчка, Зайче, 10 см, Keel Toys",6.90€,https://tinitoys.bg/index.php?route=product/product&path=129&product_id=4488
SE2285_ladybug,"Keeleco Adoptable World, Екологична мини плюшенa играчка, Калинка, 10 см, Keel Toys",6.90€,https://tinitoys.bg/index.php?route=product/product&path=129&product_id=4482
SE2285_brown_panda,"Keeleco Adoptable World, Екологична мини плюшенa играчка, Кафява панда, 10 см, Keel Toys",6.90€,https://tinitoys.bg/index.php?route=product/product&path=129&product_id=4479
SE2285_fox,"Keeleco Adoptable World, Екологична мини плюшенa играчка, Лисица, 10 см, Keel Toys",6.90€,https://tinitoys.bg/index.php?route=product/product&path=129&product_id=4489
SE2285_bear,"Keeleco Adoptable World, Екологична мини плюшенa играчка, Мече, 10 см, Keel Toys",6.90€,https://tinitoys.bg/index.php?route=product/product&path=129&product_id=4486
SE2285_sheep,"Keeleco Adoptable World, Екологична мини плюшенa играчка, Овчица, 10 см, Keel Toys",6.90€,https://tinitoys.bg/index.php?route=product/product&path=129&product_id=4483
SE2285_pig,"Keeleco Adoptable World, Екологична мини плюшенa играчка, Прасе, 10 см, Keel Toys",6.90€,https://tinitoys.bg/index.php?route=product/product&path=129&product_id=4478
SE2285_bee,"Keeleco Adoptable World, Екологична мини плюшенa играчка, Пчеличка, 10 см, Keel Toys",6.90€,https://tinitoys.bg/index.php?route=product/product&path=129&product_id=4485
SE3492,"Keeleco, Eкологична плюшена играчка, Вълк, 20 см., Keel Toys",14.90€,https://tinitoys.bg/index.php?route=product/product&path=129&product_id=5294
EK2280_white,"Keeleco, Екологична играчка, Бяло коте, 22 см, Keel Toys",13.24€,https://tinitoys.bg/index.php?route=product/product&path=129&product_id=4505
EK2280_orange,"Keeleco, Екологична играчка, Оранжево коте, 22 см, Keel Toys",13.24€,https://tinitoys.bg/index.php?route=product/product&path=129&product_id=4506
EK2280_gray,"Keeleco, Екологична играчка, Сиво коте, 22 см, Keel Toys",13.24€,https://tinitoys.bg/index.php?route=product/product&path=129&product_id=4507
SE6179,"Keeleco, Екологична играчка, Сурикат, 22 см, Keel Toys",11.90€,https://tinitoys.bg/index.php?route=product/product&path=129&product_id=2678
EK2280_black,"Keeleco, Екологична играчка, Черно коте, 22 см, Keel Toys",13.24€,https://tinitoys.bg/index.php?route=product/product&path=129&product_id=4508
SE2276_white_shark,"Keeleco, Екологична плюшенa играчка, Морски свят, Бяла акула, 12 см, Keel Toys",6.90€,https://tinitoys.bg/index.php?route=product/product&path=129&product_id=4490
SE2276_dolphin,"Keeleco, Екологична плюшенa играчка, Морски свят, Делфин, 12 см, Keel Toys",6.90€,https://tinitoys.bg/index.php?route=product/product&path=129&product_id=4491
SE2276_whale,"Keeleco, Екологична плюшенa играчка, Морски свят, Кит, 12 см, Keel Toys",6.90€,https://tinitoys.bg/index.php?route=product/product&path=129&product_id=4492
SE2276_killer_whale,"Keeleco, Екологична плюшенa играчка, Морски свят, Косатка, 12 см, Keel Toys",6.90€,https://tinitoys.bg/index.php?route=product/product&path=129&product_id=4493
SE2276_turtle,"Keeleco, Екологична плюшенa играчка, Морски свят, Костенурка, 12 см, Keel Toys",6.90€,https://tinitoys.bg/index.php?route=product/product&path=129&product_id=4494
SE2276_fish,"Keeleco, Екологична плюшенa играчка, Морски свят, Рибка, 12 см, Keel Toys",6.90€,https://tinitoys.bg/index.php?route=product/product&path=129&product_id=4495
SE2276_scat,"Keeleco, Екологична плюшенa играчка, Морски свят, Скат, 12 см, Keel Toys",6.90€,https://tinitoys.bg/index.php?route=product/product&path=129&product_id=4496
SE2276_hammer_shark,"Keeleco, Екологична плюшенa играчка, Морски свят, Чукова акула, 12 см, Keel Toys",6.90€,https://tinitoys.bg/index.php?route=product/product&path=129&product_id=4497
SE2075,"Keeleco, Екологична плюшена играчка, Бебешка маймунка Марсел, 25 см, Keel Toys",17.50€,https://tinitoys.bg/index.php?route=product/product&path=129&product_id=4468
SE2080,"Keeleco, Екологична плюшена играчка, Бебешка слонче Езра, 25 см, Keel Toys",17.50€,https://tinitoys.bg/index.php?route=product/product&path=129&product_id=4472
SE2263_light_brown,"Keeleco, Екологична плюшена играчка, Светло кафяв Бухал, Keel Toys,18 см",13.50€,https://tinitoys.bg/index.php?route=product/product&path=129&product_id=4499
SE2263_gray,"Keeleco, Екологична плюшена играчка, Сив Бухал, Keel Toys,18 см",13.50€,https://tinitoys.bg/index.php?route=product/product&path=129&product_id=4500
SE2263_dark_brown,"Keeleco, Екологична плюшена играчка, Тъмно кафяв Бухал, Keel Toys,18 см",13.50€,https://tinitoys.bg/index.php?route=product/product&path=129&product_id=4501
SE6125,"Keeleco, Плюшена играчка, Жираф, 40 см",22.50€,https://tinitoys.bg/index.php?route=product/product&path=129&product_id=3443
700020,"Niny, Бебешка активни кубчета, Животни",22.45€,https://tinitoys.bg/index.php?route=product/product&path=129&product_id=2687
700019,"Niny, Бебешка книжка за активна игра, Синьото слонче",14.27€,https://tinitoys.bg/index.php?route=product/product&path=129&product_id=2686
700016,"Niny, Бебешки комплект за активна игра, 3 в 1",62.33€,https://tinitoys.bg/index.php?route=product/product&path=129&product_id=2685
SF0967,"Pippins, Плюшена играчка, Далматинец, Keel Toys",9.15€,https://tinitoys.bg/index.php?route=product/product&path=129&product_id=2662
SW2574,"Tюлен, 35 см, Keel Toys",14.27€,https://tinitoys.bg/index.php?route=product/product&path=129&product_id=2470
700004,Активна топка Нини,12.73€,https://tinitoys.bg/index.php?route=product/product&path=129&product_id=697
SE1013,"Акула, екологична плюшена играчка от серията Keeleco, 25 см",13.90€,https://tinitoys.bg/index.php?route=product/product&path=129&product_id=3786
SF2258,"Анимотсу, Овца, 15 см., Keel Toys",8.90€,https://tinitoys.bg/index.php?route=product/product&path=129&product_id=2477
SF2127,"Анимотсу, Плюшен еднорог, Искрица, Keel Toys",8.90€,https://tinitoys.bg/index.php?route=product/product&path=129&product_id=2150
SF2257,"Анимотсу, Плюшен морски еднорог, Нарвал, Keel Toys",9.15€,https://tinitoys.bg/index.php?route=product/product&path=129&product_id=2151
SF2475,"Анимотсу, Плюшенa лама, Keel Toys",8.90€,https://tinitoys.bg/index.php?route=product/product&path=129&product_id=2152
SF2476,"Анимотсу, Плюшенo куче, Чихуахуа, Keel Toys",9.15€,https://tinitoys.bg/index.php?route=product/product&path=129&product_id=2153
SF2477,"Анимотсу, Плюшенo цветно слонче, 15 см, Keel Toys",8.90€,https://tinitoys.bg/index.php?route=product/product&path=129&product_id=2671
SF0447,"Анимотсу, Плюшена играчка, Зайче,15 см",8.90€,https://tinitoys.bg/index.php?route=product/product&path=129&product_id=1514
SF0453,"Анимотсу, Плюшена играчка, Лемур,15 см",7.62€,https://tinitoys.bg/index.php?route=product/product&path=129&product_id=1517
SF6559,"Анимотсу, Плюшена играчка, Лисица, Keel Toys",8.90€,https://tinitoys.bg/index.php?route=product/product&path=129&product_id=3495
SF0443,"Анимотсу, Плюшена играчка, Лъвче,15 см",8.90€,https://tinitoys.bg/index.php?route=product/product&path=129&product_id=1511
SF0430,"Анимотсу, Плюшена играчка, Маймунка, Горила, 15 см",8.90€,https://tinitoys.bg/index.php?route=product/product&path=129&product_id=1503
SF0439,"Анимотсу, Плюшена играчка, Маймунка, Орангутан,15 см",9.15€,https://tinitoys.bg/index.php?route=product/product&path=129&product_id=1508
SF0451,"Анимотсу, Плюшена играчка, Панда, 15 см",9.15€,https://tinitoys.bg/index.php?route=product/product&path=129&product_id=3172
SF0445,"Анимотсу, Плюшена играчка, Прасенце,15 см",8.90€,https://tinitoys.bg/index.php?route=product/product&path=129&product_id=1512
SF0442,"Анимотсу, Плюшена играчка, Розово коте,15 см",9.15€,https://tinitoys.bg/index.php?route=product/product&path=129&product_id=1510
SF0452,"Анимотсу, Плюшена играчка, Слонче,15 см",8.90€,https://tinitoys.bg/index.php?route=product/product&path=129&product_id=1516
SX1736 huski,"Анимотсу, Плюшена играчка, Хъски, 15 см., Keel Toys",8.64€,https://tinitoys.bg/index.php?route=product/product&path=129&product_id=2487
SF0437,"Анимотсу, Плюшена играчка, Цветно коте,15 см",9.15€,https://tinitoys.bg/index.php?route=product/product&path=129&product_id=1507
SF0446,"Анимотсу, Плюшена играчка, Цветно кученце,15 см",8.90€,https://tinitoys.bg/index.php?route=product/product&path=129&product_id=1513
SF0435,"Анимотсу, Плюшена играчка, Цветно мече,15 см",8.90€,https://tinitoys.bg/index.php?route=product/product&path=129&product_id=1506
SW3615,"Африкански лъв, 30 см",20.40€,https://tinitoys.bg/index.php?route=product/product&path=129&product_id=3153
700021,"Бебешка възглавница с активности, Нини",17.84€,https://tinitoys.bg/index.php?route=product/product&path=129&product_id=3898
700014,"Бебешка играчка за гушкане с дрънкалка, Магаренцето Лаки",10.69€,https://tinitoys.bg/index.php?route=product/product&path=129&product_id=1631
700011,"Бебешка играчка за гушкане с дрънкалка, Мечето Матахи",10.69€,https://tinitoys.bg/index.php?route=product/product&path=129&product_id=1630
SE6711,"Бебешка играчка за гушкане, Коала",10.50€,https://tinitoys.bg/index.php?route=product/product&path=129&product_id=3489
700015,"Бебешка играчка с писулка, Кученцето Ипо",8.13€,https://tinitoys.bg/index.php?route=product/product&path=129&product_id=1628
700012,"Бебешка играчка с писулка, Мечето Матахи",10.69€,https://tinitoys.bg/index.php?route=product/product&path=129&product_id=1629
700013,"Бебешка играчка, Бухалчето Хоки",15.24€,https://tinitoys.bg/index.php?route=product/product&path=129&product_id=3896
700017,"Бебешка играчка, Катеричката Апиа",15.24€,https://tinitoys.bg/index.php?route=product/product&path=129&product_id=3897
SE2074,"Бебешка маймунка Марсел, екологична плюшена играчка от серията Keeleco, 14 см",10.50€,https://tinitoys.bg/index.php?route=product/product&path=129&product_id=4467
SE2076,"Бебешка плюшена дрънкалка ринг, Маймунка, 14 см, Keel Toys",8.90€,https://tinitoys.bg/index.php?route=product/product&path=129&product_id=4471
SE2071,"Бебешка плюшена дрънкалка ринг, Мече, 14 см, Keel Toys",8.90€,https://tinitoys.bg/index.php?route=product/product&path=129&product_id=4466
SE2081,"Бебешка плюшена дрънкалка ринг, Слонче, 14 см, Keel Toys",8.90€,https://tinitoys.bg/index.php?route=product/product&path=129&product_id=4475
SN2650,"Бебешко жирафче за гушкане, 25 см",8.13€,https://tinitoys.bg/index.php?route=product/product&path=129&product_id=3149
SE9107,"Бебешко зайче, Розово, Екологична играчка от серията Keeleco, 16 см",10.50€,https://tinitoys.bg/index.php?route=product/product&path=129&product_id=3823
SE9108,"Бебешко зайче, Розово, Екологична играчка от серията Keeleco, 20 см",14.27€,https://tinitoys.bg/index.php?route=product/product&path=129&product_id=3824
SE9110,"Бебешко зайче, Синьо, Екологична играчка от серията Keeleco, 16 см",10.50€,https://tinitoys.bg/index.php?route=product/product&path=129&product_id=3825
SE9111,"Бебешко зайче, Синьо, Екологична играчка от серията Keeleco, 20 см",14.50€,https://tinitoys.bg/index.php?route=product/product&path=129&product_id=3826
SE2069,"Бебешко мече с панделка, екологична плюшена играчка от серията Keeleco, 15 см",10.90€,https://tinitoys.bg/index.php?route=product/product&path=129&product_id=4462
SE2070,"Бебешко мече със сива панделка, екологична плюшена играчка от серията Keeleco, 20 см",14.50€,https://tinitoys.bg/index.php?route=product/product&path=129&product_id=4463
SN0779,"Бебешко мече, бяло с точки, 25 см, асортимент (2)",12.73€,https://tinitoys.bg/index.php?route=product/product&path=129&product_id=1562
SE9101,"Бебешко мече, Розово, Екологична играчка от серията Keeleco, 16 см",10.50€,https://tinitoys.bg/index.php?route=product/product&path=129&product_id=3819
SE9102,"Бебешко мече, Розово, Екологична играчка от серията Keeleco, 20 см",14.50€,https://tinitoys.bg/index.php?route=product/product&path=129&product_id=3820
SE9104,"Бебешко мече, Синьо, Екологична играчка от серията Keeleco, 16 см",10.50€,https://tinitoys.bg/index.php?route=product/product&path=129&product_id=3821
SE9105,"Бебешко мече, Синьо, Екологична играчка от серията Keeleco, 20 см",14.50€,https://tinitoys.bg/index.php?route=product/product&path=129&product_id=3822
SE1165_beige,"Бежова змия, екологична плюшена играчка от серията Keeleco, 100 см",12.90€,https://tinitoys.bg/index.php?route=product/product&path=129&product_id=4510
SX1744,"Бисквитка, Коледна висяща играчка, 23 см",9.15€,https://tinitoys.bg/index.php?route=product/product&path=129&product_id=3168
SE4950,"Ботаническа градина, 14 см",8.90€,https://tinitoys.bg/index.php?route=product/product&path=129&product_id=5699
SE1091,"Бултериер, екологична плюшена играчка от серията Keeleco, 16 см",12.22€,https://tinitoys.bg/index.php?route=product/product&path=129&product_id=3800
94186,"Бяло мече със шарена шапка, Теодор, 35 см",15.29€,https://tinitoys.bg/index.php?route=product/product&path=129&product_id=5134
700001,Възглавница - Бухал,26.59€,https://tinitoys.bg/index.php?route=product/product&path=129&product_id=694
94048,"Възглавница, Мече Лумпин",15.85€,https://tinitoys.bg/index.php?route=product/product&path=129&product_id=2331
SE4942,"Вълнест мамут, 25 см",16.90€,https://tinitoys.bg/index.php?route=product/product&path=129&product_id=5681
SE4072,"Горила, 45 см",49.50€,https://tinitoys.bg/index.php?route=product/product&path=129&product_id=5691
SW3683,"Горски животни, 18 см., асортимент",11.71€,https://tinitoys.bg/index.php?route=product/product&path=129&product_id=1552
SE6177,"Делфин, екологична плюшена играчка от серията Keeleco, 25 см",11.90€,https://tinitoys.bg/index.php?route=product/product&path=129&product_id=3811
SW0282,"Диви животни, 12 см, асортимент",6.90€,https://tinitoys.bg/index.php?route=product/product&path=129&product_id=1545
SW1820,"Диви животни, Лама, 20 см",11.20€,https://tinitoys.bg/index.php?route=product/product&path=129&product_id=2280
SW1613,"Диви животни, Плюшен жираф, 25 см, Keel Toys",15.80€,https://tinitoys.bg/index.php?route=product/product&path=129&product_id=2676
SE6718,"Дрънкалка жираф, стик, от серията Keeleco, 14 см",6.90€,https://tinitoys.bg/index.php?route=product/product&path=129&product_id=3817
SE6712,"Дрънкалка коала, стик, от серията Keeleco, 14 см",6.90€,https://tinitoys.bg/index.php?route=product/product&path=129&product_id=3815
SE2077,"Дрънкалка маймунка, стик, от серията Keeleco, 14 см",6.90€,https://tinitoys.bg/index.php?route=product/product&path=129&product_id=4470
SE2072,"Дрънкалка мече, стик, от серията Keeleco, 14 см",6.90€,https://tinitoys.bg/index.php?route=product/product&path=129&product_id=4465
SE2082,"Дрънкалка слонче, стик, от серията Keeleco, 14 см",6.90€,https://tinitoys.bg/index.php?route=product/product&path=129&product_id=4474
SX1744,"Дядо Коледа, Коледна висяща играчка, 25 см",9.15€,https://tinitoys.bg/index.php?route=product/product&path=129&product_id=3165
SE1005,"Еднорог, Бебешка дрънкалка ринг от серията Keeleco, 14 см.",10.90€,https://tinitoys.bg/index.php?route=product/product&path=129&product_id=3782
SE1007,"Еднорог, Бебешка екологична играчка за гушкане от серията Keeleco",10.90€,https://tinitoys.bg/index.php?route=product/product&path=129&product_id=3784
SE1003,"Еднорог, Бебешка екологична играчка от серията Keeleco, 14 см.",10.69€,https://tinitoys.bg/index.php?route=product/product&path=129&product_id=3780
SE1004,"Еднорог, Бебешка екологична играчка от серията Keeleco, 25 см.",17.33€,https://tinitoys.bg/index.php?route=product/product&path=129&product_id=3781
SE1220,"Еднорог, екологична плюшена играчка от серията Keeleco, 25 см",17.33€,https://tinitoys.bg/index.php?route=product/product&path=129&product_id=3809
"SE3064_white, SE3064_pink","Еднорог, екологична плюшена играчка от серията Keeleco, 35 см",14.50€,https://tinitoys.bg/index.php?route=product/product&path=129&product_id=5277
SE4168,"Екологична плюшена играчка, Генту пингвин, 20 см",11.50€,https://tinitoys.bg/index.php?route=product/product&path=129&product_id=5514
SE4058,"Екологична плюшена играчка, Гепард, 25 см",15.90€,https://tinitoys.bg/index.php?route=product/product&path=129&product_id=5500
SE3698,"Екологична плюшена играчка, Голяма бяла акула, 25 см",12.90€,https://tinitoys.bg/index.php?route=product/product&path=129&product_id=5519
SE3753,"Екологична плюшена играчка, Горила, 20 см",15.50€,https://tinitoys.bg/index.php?route=product/product&path=129&product_id=5507
SM1988,"Екологична плюшена играчка, Дакел, Best Mum",14.90€,https://tinitoys.bg/index.php?route=product/product&path=129&product_id=4890
SE3699,"Екологична плюшена играчка, Зебра, 25 см",13.50€,https://tinitoys.bg/index.php?route=product/product&path=129&product_id=5506
SE3695,"Екологична плюшена играчка, Игуана, 65 см",23.90€,https://tinitoys.bg/index.php?route=product/product&path=129&product_id=5511
SE4172,"Екологична плюшена играчка, Императорски пингвин, 20 см",11.50€,https://tinitoys.bg/index.php?route=product/product&path=129&product_id=5515
SE1778,"Екологична плюшена играчка, Кафява рунтава крава, 25 см",17.90€,https://tinitoys.bg/index.php?route=product/product&path=129&product_id=5289
SE4717,"Екологична плюшена играчка, Кокошка, 20 см",12.90€,https://tinitoys.bg/index.php?route=product/product&path=129&product_id=5512
SE1046,"Екологична плюшена играчка, Конче, 26 см",17.90€,https://tinitoys.bg/index.php?route=product/product&path=129&product_id=5291
SE1038,"Екологична плюшена играчка, Крава, 25 см.",15.50€,https://tinitoys.bg/index.php?route=product/product&path=129&product_id=4899
"EP3560_siv, EP3560_bejov, EP3560_kafiav, EP3560_byal","Екологична плюшена играчка, Кученце със суитшърт, 18 см",14.90€,https://tinitoys.bg/index.php?route=product/product&path=129&product_id=5494
SE4068,"Екологична плюшена играчка, Ленивец, 50 см",17.90€,https://tinitoys.bg/index.php?route=product/product&path=129&product_id=5509
SE4057,"Екологична плюшена играчка, Лъв, 25 см",15.90€,https://tinitoys.bg/index.php?route=product/product&path=129&product_id=5498
SE2804,"Екологична плюшена играчка, Магаре, 25 см",15.50€,https://tinitoys.bg/index.php?route=product/product&path=129&product_id=5516
SE3057,"Екологична плюшена играчка, Овен, 18 см.",11.90€,https://tinitoys.bg/index.php?route=product/product&path=129&product_id=4898
SE3061,"Екологична плюшена играчка, Овца, стояща, 18 см.",10.90€,https://tinitoys.bg/index.php?route=product/product&path=129&product_id=4896
SE3059,"Екологична плюшена играчка, Овца, стояща, 18 см.",10.90€,https://tinitoys.bg/index.php?route=product/product&path=129&product_id=4897
SE3062,"Екологична плюшена играчка, Овца, стояща, 25 см.",16.50€,https://tinitoys.bg/index.php?route=product/product&path=129&product_id=4895
SE1039,"Екологична плюшена играчка, Пиленце, 25 см.",13.90€,https://tinitoys.bg/index.php?route=product/product&path=129&product_id=5290
SE3719,"Екологична плюшена играчка, Пингвинът Пърси, 20 см",10.50€,https://tinitoys.bg/index.php?route=product/product&path=129&product_id=5521
SE3721,"Екологична плюшена играчка, Пухкаво пате, 15 см",10.50€,https://tinitoys.bg/index.php?route=product/product&path=129&product_id=5522
SE4724,"Екологична плюшена играчка, Седяща дива котка, 23 см",17.50€,https://tinitoys.bg/index.php?route=product/product&path=129&product_id=5504
SE4538,"Екологична плюшена играчка, Слон, 18 см.",13.50€,https://tinitoys.bg/index.php?route=product/product&path=129&product_id=5505
SE3941,"Екологична плюшена играчка, Снежен леопард, 25 см",15.90€,https://tinitoys.bg/index.php?route=product/product&path=129&product_id=5499
SE3702,"Екологична плюшена играчка, Сурикат, 22 см",12.90€,https://tinitoys.bg/index.php?route=product/product&path=129&product_id=5296
SE3703,"Екологична плюшена играчка, Сурикат, 30 см",15.90€,https://tinitoys.bg/index.php?route=product/product&path=129&product_id=5297
SE3939,"Екологична плюшена играчка, Тигър, 35 см",21.50€,https://tinitoys.bg/index.php?route=product/product&path=129&product_id=5497
SE4059,"Екологична плюшена играчка, Черна пантера, 25 см",15.90€,https://tinitoys.bg/index.php?route=product/product&path=129&product_id=5501
SE4062,"Екологична плюшена играчка, Черна пантера, 35 см",21.50€,https://tinitoys.bg/index.php?route=product/product&path=129&product_id=5502
SE5034,"Еленче, 20 см",13.90€,https://tinitoys.bg/index.php?route=product/product&path=129&product_id=5680
SX1744,"Еленче, Коледна висяща играчка, 25 см",9.15€,https://tinitoys.bg/index.php?route=product/product&path=129&product_id=3169
SX3542,"Еленчето Рудолф, 20 см",16.50€,https://tinitoys.bg/index.php?route=product/product&path=129&product_id=4973
SX6364,"Еленчето Рудолф, eкологична плюшена играчка",12.73€,https://tinitoys.bg/index.php?route=product/product&path=129&product_id=3170
SE4758,"Жираф, 30 см",15.50€,https://tinitoys.bg/index.php?route=product/product&path=129&product_id=5692
SE4727,"Жираф, 50 см",28.90€,https://tinitoys.bg/index.php?route=product/product&path=129&product_id=5682
SE6719,"Жираф, Бебешка дрънкалка ринг от серията Keeleco, 14 см",9.90€,https://tinitoys.bg/index.php?route=product/product&path=129&product_id=3818
SE1051,"Жираф, екологична плюшена играчка от серията Keeleco, 50 см",29.50€,https://tinitoys.bg/index.php?route=product/product&path=129&product_id=3796
SE1052,"Жираф, екологична плюшена играчка от серията Keeleco, 70 см",51.50€,https://tinitoys.bg/index.php?route=product/product&path=129&product_id=5285
SE5040,"Жирафче, 20 см",13.90€,https://tinitoys.bg/index.php?route=product/product&path=129&product_id=5678
SF2492,"Зайче - плюшена играчка, Pippins",8.90€,https://tinitoys.bg/index.php?route=product/product&path=129&product_id=3830
SE3706,"Зайче, 14 см",9.90€,https://tinitoys.bg/index.php?route=product/product&path=129&product_id=5697
SE6708,"Зайче, екологична плюшена играчка от серията Keeleco, 19 см",11.90€,https://tinitoys.bg/index.php?route=product/product&path=129&product_id=3813
SR3787a,"Зайчета, 18",10.17€,https://tinitoys.bg/index.php?route=product/product&path=129&product_id=1566
SR3787,"Зайчета, 18 см",10.17€,https://tinitoys.bg/index.php?route=product/product&path=129&product_id=1565
94203,"Зайчето Бъни, цвят капучино, 36 см",15.29€,https://tinitoys.bg/index.php?route=product/product&path=129&product_id=4941
SE1165_green,"Зелена змия, екологична плюшена играчка от серията Keeleco, 100 см",12.90€,https://tinitoys.bg/index.php?route=product/product&path=129&product_id=4511
SE4975,"Зеленоглава патица, 18 см",13.90€,https://tinitoys.bg/index.php?route=product/product&path=129&product_id=5694
SN0775,"Играчка за креватче, музикална латерна, Бебе Мече на луната, 20 см, Keel Toys",15.29€,https://tinitoys.bg/index.php?route=product/product&path=129&product_id=2474
SE4074,"Капибара, 18 см",13.50€,https://tinitoys.bg/index.php?route=product/product&path=129&product_id=5695
SE4921,"Капибара, 25 см",18.50€,https://tinitoys.bg/index.php?route=product/product&path=129&product_id=5683
SF2491,"Катеричка, Пипинс, 15 см, Keel Toys",8.90€,https://tinitoys.bg/index.php?route=product/product&path=129&product_id=2456
SE5026,"Кафяво зайче, 20 см",13.90€,https://tinitoys.bg/index.php?route=product/product&path=129&product_id=5673
SE1054_brown,"Кафяво зайче, екологична плюшена играчка от серията Keeleco, 25 см",16.90€,https://tinitoys.bg/index.php?route=product/product&path=129&product_id=4502
SE6713,"Коала, Бебешка дрънкалка ринг от серията Keeleco, 14 см",9.90€,https://tinitoys.bg/index.php?route=product/product&path=129&product_id=3816
SE1092,"Коала, екологична плюшена играчка от серията Keeleco, 16 см",12.50€,https://tinitoys.bg/index.php?route=product/product&path=129&product_id=3801
SE6268,"Коала, екологична плюшена играчка от серията Keeleco, 18 см",13.75€,https://tinitoys.bg/index.php?route=product/product&path=129&product_id=3812
SE1217,"Коала, екологична плюшена играчка от серията Keeleco, 25 см",17.33€,https://tinitoys.bg/index.php?route=product/product&path=129&product_id=3806
SE1041,"Козичка, екологична плюшена играчка от серията Keeleco, 20 см",13.90€,https://tinitoys.bg/index.php?route=product/product&path=129&product_id=3792
SE1042,"Козичка, екологична плюшена играчка от серията Keeleco, 25 см",18.90€,https://tinitoys.bg/index.php?route=product/product&path=129&product_id=3793
SX3537,"Коледна меденка, 20 см",13.90€,https://tinitoys.bg/index.php?route=product/product&path=129&product_id=4975
SF6335,"Коте, плюшена играчка за гушкане, 18 см",15.50€,https://tinitoys.bg/index.php?route=product/product&path=129&product_id=3146
SE5024,"Кремаво зайче, 20 см",13.90€,https://tinitoys.bg/index.php?route=product/product&path=129&product_id=5674
SE1048,"Крокодил, екологична плюшена играчка от серията Keeleco, 43 см",21.50€,https://tinitoys.bg/index.php?route=product/product&path=129&product_id=3794
SE1049,"Крокодил, екологична плюшена играчка от серията Keeleco, 52 см",32.50€,https://tinitoys.bg/index.php?route=product/product&path=129&product_id=3795
SW3676,"Крокодил, плюшена играчка, 66 см",36.76€,https://tinitoys.bg/index.php?route=product/product&path=129&product_id=3154
SE3077_jaba,"Кукла за куклен театър (за ръка), Жаба, 27 см",12.90€,https://tinitoys.bg/index.php?route=product/product&path=129&product_id=5283
SE3077_kozle,"Кукла за куклен театър, Козле, 27 см",12.90€,https://tinitoys.bg/index.php?route=product/product&path=129&product_id=5282
"SE3077_krava_cherno biala, SE3077_krava_kafiava","Кукла за куклен театър, Крава, 27 см",12.90€,https://tinitoys.bg/index.php?route=product/product&path=129&product_id=5278
SE3077_lisica,"Кукла за куклен театър, Лисица, 27 см",12.90€,https://tinitoys.bg/index.php?route=product/product&path=129&product_id=5281
SE3077_ovca,"Кукла за куклен театър, Овца, 27 см",12.90€,https://tinitoys.bg/index.php?route=product/product&path=129&product_id=5284
SE3077_prase,"Кукла за куклен театър, Прасе, 27 см",12.90€,https://tinitoys.bg/index.php?route=product/product&path=129&product_id=5279
SE3077_sova,"Кукла за куклен театър, Сова, 27 см",12.90€,https://tinitoys.bg/index.php?route=product/product&path=129&product_id=5280
700008,Куче за яздене със  60 топки,86.87€,https://tinitoys.bg/index.php?route=product/product&path=129&product_id=701
700002,Куче Ипо,14.32€,https://tinitoys.bg/index.php?route=product/product&path=129&product_id=695
SE3805,"Куче на каишка, eкологична плюшена играчка, 14 см",11.50€,https://tinitoys.bg/index.php?route=product/product&path=129&product_id=5557
SE4541,"Куче Хъски, с каишка, 23 см",17.50€,https://tinitoys.bg/index.php?route=product/product&path=129&product_id=5495
SF6335,"Куче, плюшена играчка за гушкане, 18 см",15.50€,https://tinitoys.bg/index.php?route=product/product&path=129&product_id=3147
SE3798,"Кученце Puppy Love, 14 см",12.90€,https://tinitoys.bg/index.php?route=product/product&path=129&product_id=5698
SE5022,"Кученце, 20 см",13.90€,https://tinitoys.bg/index.php?route=product/product&path=129&product_id=5676
SE1008,"Кученце, Бебешка екологична играчка от серията Keeleco, 20 см",12.90€,https://tinitoys.bg/index.php?route=product/product&path=129&product_id=3785
SW1819,"Лама, 15 см",6.08€,https://tinitoys.bg/index.php?route=product/product&path=129&product_id=3151
SE1055,"Лама, екологична плюшена играчка от серията Keeleco, 25 см",12.50€,https://tinitoys.bg/index.php?route=product/product&path=129&product_id=3798
SE1056,"Лама, екологична плюшена играчка от серията Keeleco, 30 см",17.90€,https://tinitoys.bg/index.php?route=product/product&path=129&product_id=3799
SE2262,"Лебед, екологична плюшена играчка от серията Keeleco, 20 см",12.90€,https://tinitoys.bg/index.php?route=product/product&path=129&product_id=4459
SW6153,"Легнал лъв, 25 см",15.29€,https://tinitoys.bg/index.php?route=product/product&path=129&product_id=3155
SE4250,"Легнали котета, Kitty Love, 28 см",19.90€,https://tinitoys.bg/index.php?route=product/product&path=129&product_id=5696
SW1818,"Ленивец, 25 см",13.24€,https://tinitoys.bg/index.php?route=product/product&path=129&product_id=2279
SW6237,"Ленивец, 38 см",11.20€,https://tinitoys.bg/index.php?route=product/product&path=129&product_id=3157
SE6181,"Ленивец, eкологична плюшена играчка",12.90€,https://tinitoys.bg/index.php?route=product/product&path=129&product_id=3143
SE1028,"Ленивец, екологична плюшена играчка от серията Keeleco, 38 см",14.27€,https://tinitoys.bg/index.php?route=product/product&path=129&product_id=3790
SE1029,"Ленивец, екологична плюшена играчка от серията Keeleco, 50 см",20.91€,https://tinitoys.bg/index.php?route=product/product&path=129&product_id=3791
SE6232,"Леопард, eкологична плюшена играчка",11.90€,https://tinitoys.bg/index.php?route=product/product&path=129&product_id=3144
SE5020,"Лисиче, 20 см",13.90€,https://tinitoys.bg/index.php?route=product/product&path=129&product_id=5679
SE6103,"Лъв, eкологична плюшена играчка",15.50€,https://tinitoys.bg/index.php?route=product/product&path=129&product_id=3142
94042,"Лъвче Леон, 33 см",13.24€,https://tinitoys.bg/index.php?route=product/product&path=129&product_id=1288
700009,Магаре за яздене Лаки,86.87€,https://tinitoys.bg/index.php?route=product/product&path=129&product_id=702
700005,Магаренце Лаки,17.84€,https://tinitoys.bg/index.php?route=product/product&path=129&product_id=698
SW1561f,"Маймунка със звук, 47 см, бялo и сиво, Keel Toys",12.90€,https://tinitoys.bg/index.php?route=product/product&path=129&product_id=2469
SW1561d,"Маймунка със звук, 47 см, бяла и кафяво, Keel Toys",12.90€,https://tinitoys.bg/index.php?route=product/product&path=129&product_id=2467
SW1561a,"Маймунка със звук, 47 см, бяла, Keel Toys",12.90€,https://tinitoys.bg/index.php?route=product/product&path=129&product_id=2464
SW1561e,"Маймунка със звук, 47 см, бяло и тъмно кафяво, Keel Toys",12.90€,https://tinitoys.bg/index.php?route=product/product&path=129&product_id=2468
SW1561b,"Маймунка със звук, 47 см, кафява, Keel Toys",12.90€,https://tinitoys.bg/index.php?route=product/product&path=129&product_id=2465
SW1561c,"Маймунка със звук, 47 см, черна, Keel Toys",12.90€,https://tinitoys.bg/index.php?route=product/product&path=129&product_id=2466
SE1096,"Маймунка, екологична плюшена играчка от серията Keeleco, 16 см",12.22€,https://tinitoys.bg/index.php?route=product/product&path=129&product_id=3802
SE1221,"Маймунка, екологична плюшена играчка от серията Keeleco, 25 см",17.33€,https://tinitoys.bg/index.php?route=product/product&path=129&product_id=3810
700007,Мека кукла момиче Алани,24.54€,https://tinitoys.bg/index.php?route=product/product&path=129&product_id=700
700006,Мека кукла момче  Кейки,24.54€,https://tinitoys.bg/index.php?route=product/product&path=129&product_id=699
94004,"Меца с рокля, 33 см",14.27€,https://tinitoys.bg/index.php?route=product/product&path=129&product_id=572
SN0770,"Мече кърпичка, Keel Toys",9.15€,https://tinitoys.bg/index.php?route=product/product&path=129&product_id=2473
SN0769,"Мече ринг с дрънкалка, 13 см, Keel Toys",6.90€,https://tinitoys.bg/index.php?route=product/product&path=129&product_id=2472
SN0768,"Мече с дрънкалка, 13 см Keel Toys, синьо",7.11€,https://tinitoys.bg/index.php?route=product/product&path=129&product_id=2471
SE1099,"Мече с червена тениска Thank you, екологична плюшена играчка от серията Keeleco, 15 см",12.50€,https://tinitoys.bg/index.php?route=product/product&path=129&product_id=4460
700010,Мечето Махати,14.27€,https://tinitoys.bg/index.php?route=product/product&path=129&product_id=2064
SF0797,"Мини Мотсу, асортимент, 10 см",6.50€,https://tinitoys.bg/index.php?route=product/product&path=129&product_id=1519
94198,"Мишка Акико, с лилава рокличка, 30 см",12.73€,https://tinitoys.bg/index.php?route=product/product&path=129&product_id=5590
94151,"Мишле Азюми, с бяло палтенце, 40 см",11.71€,https://tinitoys.bg/index.php?route=product/product&path=129&product_id=3579
94133,Мишлето Тики - кукла за театър,15.29€,https://tinitoys.bg/index.php?route=product/product&path=129&product_id=5438
SD6169,"Мопс с костюм, 14 см, асортимент",10.17€,https://tinitoys.bg/index.php?route=product/product&path=129&product_id=3171
SE3512,"Морска звезда, бебешка екологична плюшена играчка, 18 см.",5.90€,https://tinitoys.bg/index.php?route=product/product&path=129&product_id=4894
SE3513,"Морска звезда, бебешка екологична плюшена играчка, 27 см.",10.90€,https://tinitoys.bg/index.php?route=product/product&path=129&product_id=4893
SE1015,"Морска звезда, екологична плюшена играчка от серията Keeleco, 25 см",13.90€,https://tinitoys.bg/index.php?route=product/product&path=129&product_id=3787
SE2096,"Морски скат, екологична плюшена играчка от серията Keeleco, 25 см",13.90€,https://tinitoys.bg/index.php?route=product/product&path=129&product_id=4456
SR3346,"Овца, 20 см",8.64€,https://tinitoys.bg/index.php?route=product/product&path=129&product_id=1563
SW1728,"Овца, 20 см, Keel Toys",10.17€,https://tinitoys.bg/index.php?route=product/product&path=129&product_id=2458
SR2193,"Овца, 20 см, розово",9.90€,https://tinitoys.bg/index.php?route=product/product&path=129&product_id=2291
SR2194 pink,"Овца, 30 см, розово, жълто",11.90€,https://tinitoys.bg/index.php?route=product/product&path=129&product_id=2146
SR2194 green,"Овца, 30 см, розово, зелено",11.90€,https://tinitoys.bg/index.php?route=product/product&path=129&product_id=2147
SW2506,"Октопод, 35 см",11.20€,https://tinitoys.bg/index.php?route=product/product&path=129&product_id=3152
SE1016,"Октопод, екологична плюшена играчка от серията Keeleco, 25 см",16.90€,https://tinitoys.bg/index.php?route=product/product&path=129&product_id=3788
SF1630,"Орангутан - плюшена играчка, Pippins",8.90€,https://tinitoys.bg/index.php?route=product/product&path=129&product_id=3829
SE1165_orange,"Оранжева змия, екологична плюшена играчка от серията Keeleco, 100 см",12.90€,https://tinitoys.bg/index.php?route=product/product&path=129&product_id=4512
SE1214,"Панда, екологична плюшена играчка от серията Keeleco, 25 см",17.50€,https://tinitoys.bg/index.php?route=product/product&path=129&product_id=3805
SF2494,"Пегас - плюшена играчка, 14 см, Pippins",8.90€,https://tinitoys.bg/index.php?route=product/product&path=129&product_id=3831
94155,Пеперудата Офелия - плюшена играчка,12.22€,https://tinitoys.bg/index.php?route=product/product&path=129&product_id=3228
SX3539,"Пингвин, 20 см",12.90€,https://tinitoys.bg/index.php?route=product/product&path=129&product_id=4974
SE1219,"Пингвин, екологична плюшена играчка от серията Keeleco, 25 см",17.50€,https://tinitoys.bg/index.php?route=product/product&path=129&product_id=3808
SX1744,"Пингвин, Коледна висяща играчка, 22 см",9.15€,https://tinitoys.bg/index.php?route=product/product&path=129&product_id=3167
SF0320,"Пипинс, Плюшена играчка, Бордър Коли, 14 см",8.90€,https://tinitoys.bg/index.php?route=product/product&path=129&product_id=1497
SF4886,"Пипинс, Плюшена играчка, Жирафче, 14 см",8.90€,https://tinitoys.bg/index.php?route=product/product&path=129&product_id=1537
SF4888,"Пипинс, Плюшена играчка, Кенгуро, 14 см",8.90€,https://tinitoys.bg/index.php?route=product/product&path=129&product_id=1539
SF4880,"Пипинс, Плюшена играчка, Крава, 14 см",8.90€,https://tinitoys.bg/index.php?route=product/product&path=129&product_id=1532
SF4872,"Пипинс, Плюшена играчка, Крокодил, 14 см",8.90€,https://tinitoys.bg/index.php?route=product/product&path=129&product_id=1526
SF4878,"Пипинс, Плюшена играчка, Кученце, 14 см",8.90€,https://tinitoys.bg/index.php?route=product/product&path=129&product_id=1530
SF0322,"Пипинс, Плюшена играчка, Леопард, 14 см",8.90€,https://tinitoys.bg/index.php?route=product/product&path=129&product_id=2653
SF4869,"Пипинс, Плюшена играчка, Лъвче, 14 см",8.90€,https://tinitoys.bg/index.php?route=product/product&path=129&product_id=1525
SF0321,"Пипинс, Плюшена играчка, Маймунка, Шимпанзе, 14 см",8.13€,https://tinitoys.bg/index.php?route=product/product&path=129&product_id=1498
SF4879,"Пипинс, Плюшена играчка, Овца, 14 см",8.90€,https://tinitoys.bg/index.php?route=product/product&path=129&product_id=1531
SF4884,"Пипинс, Плюшена играчка, Панда, 14 см",9.15€,https://tinitoys.bg/index.php?route=product/product&path=129&product_id=1535
SF0319,"Пипинс, Плюшена играчка, Пингвин, 14 см",8.90€,https://tinitoys.bg/index.php?route=product/product&path=129&product_id=1496
SF4867,"Пипинс, Плюшена играчка, Прасенце, 14 см",9.15€,https://tinitoys.bg/index.php?route=product/product&path=129&product_id=1523
SF0093,"Пипинс, Плюшена играчка, Пудел, 14 см",8.90€,https://tinitoys.bg/index.php?route=product/product&path=129&product_id=1494
SF0094,"Пипинс, Плюшена играчка, Слонче, 14 см",9.15€,https://tinitoys.bg/index.php?route=product/product&path=129&product_id=1495
SF4868,"Пипинс, Плюшена играчка, Сурикат, 14 см",8.90€,https://tinitoys.bg/index.php?route=product/product&path=129&product_id=1524
SF4887,"Пипинс, Плюшена играчка, Тигърче, 14 см",8.90€,https://tinitoys.bg/index.php?route=product/product&path=129&product_id=1538
SF4885,"Пипинс, Плюшена играчка, Фламинго, 14 см",9.15€,https://tinitoys.bg/index.php?route=product/product&path=129&product_id=1536
SF4874,"Пипинс, Плюшена играчка, Хипопотам, 14 см",8.90€,https://tinitoys.bg/index.php?route=product/product&path=129&product_id=1527
SF4882,"Пипинс, Плюшена играчка, Хъски, 14 см",9.15€,https://tinitoys.bg/index.php?route=product/product&path=129&product_id=1533
SF1642TR,"Плюшен динозавър, T Rex, 25 см, Keel Toys",14.90€,https://tinitoys.bg/index.php?route=product/product&path=129&product_id=1921
SF0858,"Плюшен динозавър, асортимент",9.15€,https://tinitoys.bg/index.php?route=product/product&path=129&product_id=1521
SF1642R,"Плюшен динозавър, Раптор, 25 см",14.90€,https://tinitoys.bg/index.php?route=product/product&path=129&product_id=1923
SF1642S,"Плюшен динозавър, Стегозавър, 25 см, Keel Toys",14.90€,https://tinitoys.bg/index.php?route=product/product&path=129&product_id=1920
SF1642T,"Плюшен динозавър, Трицеротопс, 25 см, Keel Toys",14.90€,https://tinitoys.bg/index.php?route=product/product&path=129&product_id=1922
SF0844,"Плюшен еднорог, асортимент, 15 см",8.90€,https://tinitoys.bg/index.php?route=product/product&path=129&product_id=1520
SF1719WH,"Плюшен еднорог, бял, 25 см, Keel Toys",14.27€,https://tinitoys.bg/index.php?route=product/product&path=129&product_id=1926
SF1563WH,"Плюшен еднорог, бял, 70 см, Keel Toys",34.72€,https://tinitoys.bg/index.php?route=product/product&path=129&product_id=1924
94236,"Плюшен еднорог, Пенелопе, 30 см",16.31€,https://tinitoys.bg/index.php?route=product/product&path=129&product_id=5110
SF1719PINK,"Плюшен еднорог, розов, 25 см, Keel Toys",14.27€,https://tinitoys.bg/index.php?route=product/product&path=129&product_id=1927
SF1563PINK,"Плюшен еднорог, розов, 70 см, Keel Toys",34.72€,https://tinitoys.bg/index.php?route=product/product&path=129&product_id=1925
SE3063,"Плюшен еднорог, стоящ, 16 см.",9.90€,https://tinitoys.bg/index.php?route=product/product&path=129&product_id=4900
SW3922,"Плюшен жираф, 25 см",13.24€,https://tinitoys.bg/index.php?route=product/product&path=129&product_id=1554
SW4593,"Плюшен императорски пингвин, 20 см",8.64€,https://tinitoys.bg/index.php?route=product/product&path=129&product_id=1555
SW4597,"Плюшен императорски пингвин, 20 см, Keel Toys",8.13€,https://tinitoys.bg/index.php?route=product/product&path=129&product_id=2476
SW0839,"Плюшен леопард, 18 см",10.17€,https://tinitoys.bg/index.php?route=product/product&path=129&product_id=1549
SW0836,"Плюшен лъв, 18 см",9.66€,https://tinitoys.bg/index.php?route=product/product&path=129&product_id=1548
94009,"Плюшен мечо Денис с панделка, 22 см",11.20€,https://tinitoys.bg/index.php?route=product/product&path=129&product_id=574
SW3920,"Плюшен пингвин, 20 см",10.17€,https://tinitoys.bg/index.php?route=product/product&path=129&product_id=1553
94008,"Плюшен слон Елвис, 43 см",12.73€,https://tinitoys.bg/index.php?route=product/product&path=129&product_id=590
SW3655,"Плюшен тюлен, 29 см",10.17€,https://tinitoys.bg/index.php?route=product/product&path=129&product_id=1550
SC2645,"Плюшенo кремавo котe, 25 см, Keel Toys",22.96€,https://tinitoys.bg/index.php?route=product/product&path=129&product_id=2463
94221,"Плюшена жаба, Бернард, 18 см",11.71€,https://tinitoys.bg/index.php?route=product/product&path=129&product_id=5128
94222,"Плюшена жаба, Бернард, 24 см",14.27€,https://tinitoys.bg/index.php?route=product/product&path=129&product_id=5127
SW1559,"Плюшена жаба, със звук, 30 см",11.20€,https://tinitoys.bg/index.php?route=product/product&path=129&product_id=1928
SF6407,"Плюшена играчка с аромат, Анимотсу",9.50€,https://tinitoys.bg/index.php?route=product/product&path=129&product_id=3837
BC4461,"Плюшена играчка с клипс за раница, Дакел, 12 см.",10.50€,https://tinitoys.bg/index.php?route=product/product&path=129&product_id=5490
BC4411,"Плюшена играчка с клипс за раница, Коала, 12 см.",10.50€,https://tinitoys.bg/index.php?route=product/product&path=129&product_id=5487
BC4465,"Плюшена играчка с клипс за раница, Лабрадор, 12 см.",10.50€,https://tinitoys.bg/index.php?route=product/product&path=129&product_id=5491
BC4418,"Плюшена играчка с клипс за раница, Ленивец, 12 см.",10.50€,https://tinitoys.bg/index.php?route=product/product&path=129&product_id=5488
BC4447,"Плюшена играчка с клипс за раница, Овца, 12 см.",10.50€,https://tinitoys.bg/index.php?route=product/product&path=129&product_id=5489
BC4408,"Плюшена играчка с клипс за раница, Панда, 12 см.",10.50€,https://tinitoys.bg/index.php?route=product/product&path=129&product_id=5483
BC4433,"Плюшена играчка с клипс за раница, Риба Клоун, 12 см.",10.50€,https://tinitoys.bg/index.php?route=product/product&path=129&product_id=5482
BC4470,"Плюшена играчка с клипс за раница, Рижаво коте, 12 см.",10.50€,https://tinitoys.bg/index.php?route=product/product&path=129&product_id=5493
BC4469,"Плюшена играчка с клипс за раница, Сиво коте, 12 см.",10.50€,https://tinitoys.bg/index.php?route=product/product&path=129&product_id=5492
BC4406,"Плюшена играчка с клипс за раница, Слон, 12 см.",10.50€,https://tinitoys.bg/index.php?route=product/product&path=129&product_id=5485
BC4410,"Плюшена играчка с клипс за раница, Сурикат, 12 см.",10.50€,https://tinitoys.bg/index.php?route=product/product&path=129&product_id=5484
BC4415,"Плюшена играчка с клипс за раница, Шимпанзе, 12 см.",10.50€,https://tinitoys.bg/index.php?route=product/product&path=129&product_id=5486
SE2231,"Плюшена играчка Черна пантера, 25 см",15.29€,https://tinitoys.bg/index.php?route=product/product&path=129&product_id=5286
SF2427,"Плюшена играчка, Bobballs, 8 см",4.50€,https://tinitoys.bg/index.php?route=product/product&path=129&product_id=3501
SW1723_02,"Плюшена играчка, Keel Toys, Бухал, 18 см, кафяв",14.78€,https://tinitoys.bg/index.php?route=product/product&path=129&product_id=2169
SW0763,"Плюшена играчка, Keel Toys, Бяла Акула, 35 см",11.71€,https://tinitoys.bg/index.php?route=product/product&path=129&product_id=2172
SW0761,"Плюшена играчка, Keel Toys, Делфин, 35 см",11.71€,https://tinitoys.bg/index.php?route=product/product&path=129&product_id=2173
SW1723_04,"Плюшена играчка, Keel Toys, Кукумявка, 18 см, кафяв",14.78€,https://tinitoys.bg/index.php?route=product/product&path=129&product_id=2171
SD2538,"Плюшена играчка, Keel Toys, Легнало куче Мопс, 37 см",29.60€,https://tinitoys.bg/index.php?route=product/product&path=129&product_id=2179
SW3659,"Плюшена играчка, Keel Toys, Лъв, 33 см",17.84€,https://tinitoys.bg/index.php?route=product/product&path=129&product_id=2177
SF0444,"Плюшена играчка, Keel Toys, Плюшенo тигърче, 15 см",8.90€,https://tinitoys.bg/index.php?route=product/product&path=129&product_id=2655
SW1723_02,"Плюшена играчка, Keel Toys, Полярна сова, 18 см, бяла",14.78€,https://tinitoys.bg/index.php?route=product/product&path=129&product_id=2170
SW1557,"Плюшена играчка, Keel Toys, Розово фламинго, 25 см",15.29€,https://tinitoys.bg/index.php?route=product/product&path=129&product_id=2174
SW4634,"Плюшена играчка, Keel Toys, Седнала Панда, 30 см",24.49€,https://tinitoys.bg/index.php?route=product/product&path=129&product_id=2175
SW1723_01,"Плюшена играчка, Keel Toys, Сова, 18 см, бежово и бяло",14.78€,https://tinitoys.bg/index.php?route=product/product&path=129&product_id=2167
SW3662,"Плюшена играчка, Keel Toys, Тигър, 33 см",17.84€,https://tinitoys.bg/index.php?route=product/product&path=129&product_id=2178
SF2113,"Плюшена играчка, Keel Toys, Фламинго, многоцветно, 25 см",10.90€,https://tinitoys.bg/index.php?route=product/product&path=129&product_id=2176
SE3808,"Плюшена играчка, Kуче на каишка, Дакел, 23 см",17.90€,https://tinitoys.bg/index.php?route=product/product&path=129&product_id=5303
SE3806,"Плюшена играчка, Kуче на каишка, Далматинец, 23 см",17.90€,https://tinitoys.bg/index.php?route=product/product&path=129&product_id=5301
SE3807,"Плюшена играчка, Kуче на каишка, Лабрадор, 23 см",17.90€,https://tinitoys.bg/index.php?route=product/product&path=129&product_id=5302
94170,"Плюшена играчка, Mini Minies, Зайче",8.44€,https://tinitoys.bg/index.php?route=product/product&path=129&product_id=3676
94171,"Плюшена играчка, Mini Minies, Куче",8.44€,https://tinitoys.bg/index.php?route=product/product&path=129&product_id=3677
N11629,"Плюшена играчка, Близия",14.30€,https://tinitoys.bg/index.php?route=product/product&path=129&product_id=3340
SF6564,"Плюшена играчка, Бухал, Pippins",8.90€,https://tinitoys.bg/index.php?route=product/product&path=129&product_id=3834
SF6560,"Плюшена играчка, Бяла сова, Анимотсу",9.15€,https://tinitoys.bg/index.php?route=product/product&path=129&product_id=3828
SF6146,"Плюшена играчка, Далматинец, Keel Toys",8.90€,https://tinitoys.bg/index.php?route=product/product&path=129&product_id=3827
SX1104,"Плюшена играчка, Дядо Коледа, 10 см",5.57€,https://tinitoys.bg/index.php?route=product/product&path=129&product_id=3160
SF1833,"Плюшена играчка, Еднорогът Лола, Прегърни ме, 12 см, Keel Toys",12.22€,https://tinitoys.bg/index.php?route=product/product&path=129&product_id=2288
N11627,"Плюшена играчка, Елана",14.30€,https://tinitoys.bg/index.php?route=product/product&path=129&product_id=3338
SX1104,"Плюшена играчка, Елф, 10 см",5.57€,https://tinitoys.bg/index.php?route=product/product&path=129&product_id=3163
SE6715,"Плюшена играчка, Жирафче, 17 см",10.90€,https://tinitoys.bg/index.php?route=product/product&path=129&product_id=3490
SE6716,"Плюшена играчка, Жирафче, 28 см",17.50€,https://tinitoys.bg/index.php?route=product/product&path=129&product_id=3491
94153,"Плюшена играчка, Жирафът Банга",12.73€,https://tinitoys.bg/index.php?route=product/product&path=129&product_id=3225
94098,"Плюшена играчка, Зайчето Елла, 34 см",13.75€,https://tinitoys.bg/index.php?route=product/product&path=129&product_id=4294
94164,"Плюшена играчка, Зайчето Куидо с раиран костюм",13.24€,https://tinitoys.bg/index.php?route=product/product&path=129&product_id=3673
SF2478,"Плюшена играчка, Златен еднорог, Роуз, 15 см, Keel Toys",8.90€,https://tinitoys.bg/index.php?route=product/product&path=129&product_id=2281
SF2479,"Плюшена играчка, Златно Мече, Анимотсу, 15 см, Keel Toys",8.90€,https://tinitoys.bg/index.php?route=product/product&path=129&product_id=2282
94191,"Плюшена играчка, Калинката Доти",16.82€,https://tinitoys.bg/index.php?route=product/product&path=129&product_id=4547
94154,"Плюшена играчка, Катерицата Юбер",12.22€,https://tinitoys.bg/index.php?route=product/product&path=129&product_id=3227
SE6710,"Плюшена играчка, Коала, 25 см",16.90€,https://tinitoys.bg/index.php?route=product/product&path=129&product_id=3814
SF6562,"Плюшена играчка, Коала, Pippins",8.90€,https://tinitoys.bg/index.php?route=product/product&path=129&product_id=3833
SF6645,"Плюшена играчка, Коала, Анимотсу",8.90€,https://tinitoys.bg/index.php?route=product/product&path=129&product_id=3835
94157,"Плюшена играчка, Коалата Дабо",14.27€,https://tinitoys.bg/index.php?route=product/product&path=129&product_id=3230
94087,"Плюшена играчка, Котето Кейт, 34 см",13.75€,https://tinitoys.bg/index.php?route=product/product&path=129&product_id=4292
94089,"Плюшена играчка, Котето Матео, 34 см",13.75€,https://tinitoys.bg/index.php?route=product/product&path=129&product_id=4293
94173,"Плюшена играчка, Котето Чичи",11.50€,https://tinitoys.bg/index.php?route=product/product&path=129&product_id=3678
SE3809,"Плюшена играчка, Куче на каишка, Бордър Коли, 23 см.",17.90€,https://tinitoys.bg/index.php?route=product/product&path=129&product_id=5304
SE3810,"Плюшена играчка, Куче на каишка, Кавалер Кинг Чарлз Шпаньол, 23 см.",17.90€,https://tinitoys.bg/index.php?route=product/product&path=129&product_id=5305
SE3811,"Плюшена играчка, Куче на каишка, Кавапу, 23 см.",17.90€,https://tinitoys.bg/index.php?route=product/product&path=129&product_id=5306
SF2474 sloth,"Плюшена играчка, Ленивецът Скай, Прегърни ме, 12 см, Keel Toys",8.90€,https://tinitoys.bg/index.php?route=product/product&path=129&product_id=2286
N11626,"Плюшена играчка, Лирия",14.30€,https://tinitoys.bg/index.php?route=product/product&path=129&product_id=3337
94167,"Плюшена играчка, Лисицата Лууп",15.29€,https://tinitoys.bg/index.php?route=product/product&path=129&product_id=3675
94148,"Плюшена играчка, Лисицата Феликс",11.20€,https://tinitoys.bg/index.php?route=product/product&path=129&product_id=3223
N11628,"Плюшена играчка, Луна",14.30€,https://tinitoys.bg/index.php?route=product/product&path=129&product_id=3339
SF2474 monkey,"Плюшена играчка, Маймунката Оли, Прегърни ме, 12 см, Keel Toys",8.90€,https://tinitoys.bg/index.php?route=product/product&path=129&product_id=2284
94177,"Плюшена играчка, Мечето Айси, със шал",15.29€,https://tinitoys.bg/index.php?route=product/product&path=129&product_id=3679
94041,"Плюшена играчка, Мечо Спенсър с панделка",10.17€,https://tinitoys.bg/index.php?route=product/product&path=129&product_id=2330
SF6144,"Плюшена играчка, Мишле, Анимотсу",9.15€,https://tinitoys.bg/index.php?route=product/product&path=129&product_id=3832
N11625,"Плюшена играчка, Октавия",14.30€,https://tinitoys.bg/index.php?route=product/product&path=129&product_id=3336
N11626,"Плюшена играчка, Палома, 20 см",14.30€,https://tinitoys.bg/index.php?route=product/product&path=129&product_id=4427
SE2119,"Плюшена играчка, Панда, 28 см",16.50€,https://tinitoys.bg/index.php?route=product/product&path=129&product_id=5287
SE2259,"Плюшена играчка, Панда, 38 см",28.07€,https://tinitoys.bg/index.php?route=product/product&path=129&product_id=5288
94159,"Плюшена играчка, Пандата Ву",15.29€,https://tinitoys.bg/index.php?route=product/product&path=129&product_id=3672
SF1829,"Плюшена играчка, Пандатата Бела, Прегърни ме, 12 см, Keel Toys",11.90€,https://tinitoys.bg/index.php?route=product/product&path=129&product_id=2289
SX1104,"Плюшена играчка, Пингвинче, 10 см, Keel Toys",5.57€,https://tinitoys.bg/index.php?route=product/product&path=129&product_id=3158
94187,"Плюшена играчка, Прилепът Лусиъс, 30 см",15.29€,https://tinitoys.bg/index.php?route=product/product&path=129&product_id=4295
SF6646,"Плюшена играчка, Розов лабрадор, с корона, Анимотсу",9.15€,https://tinitoys.bg/index.php?route=product/product&path=129&product_id=3836
SF2474,"Плюшена играчка, Слончето Елла, Прегърни ме, 12 см, Keel Toys",8.90€,https://tinitoys.bg/index.php?route=product/product&path=129&product_id=2283
SX1104,"Плюшена играчка, Снежен човек, 10 см",5.57€,https://tinitoys.bg/index.php?route=product/product&path=129&product_id=3162
N11624,"Плюшена играчка, Стела",14.30€,https://tinitoys.bg/index.php?route=product/product&path=129&product_id=3335
94156,"Плюшена играчка, Сурикатът Джамила",12.22€,https://tinitoys.bg/index.php?route=product/product&path=129&product_id=3229
SF2474 monkey,"Плюшена играчка, Сурикатът Мило, Прегърни ме, 12 см, Keel Toys",8.90€,https://tinitoys.bg/index.php?route=product/product&path=129&product_id=2285
94166,"Плюшена играчка, Тигърчето Пушкин",11.50€,https://tinitoys.bg/index.php?route=product/product&path=129&product_id=3674
SF1631,"Плюшена играчка, Щраусче, 14 см",8.90€,https://tinitoys.bg/index.php?route=product/product&path=129&product_id=3174
SW3657,"Плюшена коала, 20 см",15.29€,https://tinitoys.bg/index.php?route=product/product&path=129&product_id=1551
94225,"Плюшена лисица с гащеризон, Леонардо, 40 см",15.29€,https://tinitoys.bg/index.php?route=product/product&path=129&product_id=5121
SW0083,"Плюшена маймуна, 16 см, 6 цвята",9.15€,https://tinitoys.bg/index.php?route=product/product&path=129&product_id=1544
94234,"Плюшена маймунка Кофи, Прегърни ме, 70 см",12.73€,https://tinitoys.bg/index.php?route=product/product&path=129&product_id=5112
94005,"Плюшена Меца с рокля, 43 см",16.82€,https://tinitoys.bg/index.php?route=product/product&path=129&product_id=571
94229,"Плюшена овца Ема, голяма, 37 см",11.71€,https://tinitoys.bg/index.php?route=product/product&path=129&product_id=5116
94228,"Плюшена овца Ема, малка, 27 см",9.15€,https://tinitoys.bg/index.php?route=product/product&path=129&product_id=5118
94014,"Плюшена овца Оливия, 16 см",10.17€,https://tinitoys.bg/index.php?route=product/product&path=129&product_id=576
94037,"Плюшена овца Оливия, мини",9.66€,https://tinitoys.bg/index.php?route=product/product&path=129&product_id=1291
94233,"Плюшена овца Оливия, Прегърни ме, 70 см",12.73€,https://tinitoys.bg/index.php?route=product/product&path=129&product_id=5113
SW4635,"Плюшена полярна мечка, 25 см",14.50€,https://tinitoys.bg/index.php?route=product/product&path=129&product_id=1558
SF4893,"Плюшена прасе с гащеризон, 25 см",17.84€,https://tinitoys.bg/index.php?route=product/product&path=129&product_id=1543
SW4633,"Плюшена седнала панда, 20 см",15.29€,https://tinitoys.bg/index.php?route=product/product&path=129&product_id=1557
SF0791,"Плюшени африкански животни с клипс за раница, 10 см, 8 вида",5.57€,https://tinitoys.bg/index.php?route=product/product&path=129&product_id=1518
SW0283,"Плюшени животни, 12 см, асортимент",6.90€,https://tinitoys.bg/index.php?route=product/product&path=129&product_id=1546
SF3964,"Плюшени играчки Боббълс, малки, 8 см, асортимент",4.50€,https://tinitoys.bg/index.php?route=product/product&path=129&product_id=5311
94235,"Плюшено зайче Лотти, 30 см",14.27€,https://tinitoys.bg/index.php?route=product/product&path=129&product_id=5111
94232,"Плюшено зайче Стела, Прегърни ме, 70 см",12.73€,https://tinitoys.bg/index.php?route=product/product&path=129&product_id=5114
SE3857,"Плюшено изправено коте, Kitty Love, 18 см, асортимент",13.90€,https://tinitoys.bg/index.php?route=product/product&path=129&product_id=5307
94223,"Плюшено коте, Жаклин, 25 см, светло сиво",14.27€,https://tinitoys.bg/index.php?route=product/product&path=129&product_id=5124
94224,"Плюшено коте, Мадлен, 25 см, тъмно сиво",14.27€,https://tinitoys.bg/index.php?route=product/product&path=129&product_id=5122
94088,"Плюшено коте, Пипа Липа, 36 см",12.73€,https://tinitoys.bg/index.php?route=product/product&path=129&product_id=5137
94090,"Плюшено коте, Пусс Левис, 36 см",12.73€,https://tinitoys.bg/index.php?route=product/product&path=129&product_id=5135
94226,"Плюшено куче с гащеризон, Федерико, 40 см",15.29€,https://tinitoys.bg/index.php?route=product/product&path=129&product_id=5120
SD4224,"Плюшено куче с каишка, 30 см, 6 вида",21.50€,https://tinitoys.bg/index.php?route=product/product&path=129&product_id=1488
SD0792,"Плюшено куче, Мопс легнал, 18 см",10.17€,https://tinitoys.bg/index.php?route=product/product&path=129&product_id=1485
SD0466,"Плюшено куче, Мопс с каишка, 30 см",21.42€,https://tinitoys.bg/index.php?route=product/product&path=129&product_id=1481
SD6170,"Плюшено куче, Мопс с костюм, 20 см, асортимент",13.90€,https://tinitoys.bg/index.php?route=product/product&path=129&product_id=2648
SD5455,"Плюшено куче, Мопс, 30 см",16.31€,https://tinitoys.bg/index.php?route=product/product&path=129&product_id=1490
SD0471,"Плюшено куче, Френски булдог, 35 см",25.51€,https://tinitoys.bg/index.php?route=product/product&path=129&product_id=1483
SD4294,"Плюшено куче, Хъски, 25 см",12.73€,https://tinitoys.bg/index.php?route=product/product&path=129&product_id=1489
SC1475,"Плюшено легнало коте, 25 см, 4 цвята",13.24€,https://tinitoys.bg/index.php?route=product/product&path=129&product_id=1479
SC2644,"Плюшено легнало коте, 25 см, асортимент",15.29€,https://tinitoys.bg/index.php?route=product/product&path=129&product_id=2646
SC2647,"Плюшено легнало коте, Оранжево, 32 см",22.96€,https://tinitoys.bg/index.php?route=product/product&path=129&product_id=3779
SC2646,"Плюшено легнало коте, сиво, 32 см",22.96€,https://tinitoys.bg/index.php?route=product/product&path=129&product_id=3778
SD4055,"Плюшено легнало куче, 25 см, 6 вида",13.24€,https://tinitoys.bg/index.php?route=product/product&path=129&product_id=1487
SD2537,"Плюшено легнало куче, Бебе Мопс, 32 см, Keel Toys",22.90€,https://tinitoys.bg/index.php?route=product/product&path=129&product_id=2461
SD2459,"Плюшено легнало куче, Бордър Коли, 25 см, Keel Toys",15.29€,https://tinitoys.bg/index.php?route=product/product&path=129&product_id=2460
SD3086,"Плюшено легнало куче, Лабрадор, 35 см",29.90€,https://tinitoys.bg/index.php?route=product/product&path=129&product_id=5526
SD3084,"Плюшено легнало куче, Немска овчарка, 30 см",21.90€,https://tinitoys.bg/index.php?route=product/product&path=129&product_id=5525
SD3092,"Плюшено легнало куче, Немска овчарка, 35 см",29.90€,https://tinitoys.bg/index.php?route=product/product&path=129&product_id=5524
SD2533,"Плюшено легнало куче, Немска овчарка, 37 см, Keel Toys",30.63€,https://tinitoys.bg/index.php?route=product/product&path=129&product_id=2165
SD2534,"Плюшено легнало куче, Немска овчарка, 47 см, Keel Toys",40.85€,https://tinitoys.bg/index.php?route=product/product&path=129&product_id=2166
SD1494,"Плюшено легнало куче, Померан, 25 см",15.29€,https://tinitoys.bg/index.php?route=product/product&path=129&product_id=4902
SF2490,"Плюшено Лисиче, Пипинс, 14 см, Keel Toys",8.90€,https://tinitoys.bg/index.php?route=product/product&path=129&product_id=2455
94219,"Плюшено мече Барибуу, със шалче, 25 см",14.27€,https://tinitoys.bg/index.php?route=product/product&path=129&product_id=5130
SB0757c,"Плюшено мече с костюм на жираф, 14 см",9.66€,https://tinitoys.bg/index.php?route=product/product&path=129&product_id=1477
SB0757d,"Плюшено мече с костюм на леопард, 14 см",9.66€,https://tinitoys.bg/index.php?route=product/product&path=129&product_id=1478
SB0757a,"Плюшено мече с костюм на лъвче, 14 см",9.66€,https://tinitoys.bg/index.php?route=product/product&path=129&product_id=1475
SB0757b,"Плюшено мече с костюм на тигър, 14 см",9.66€,https://tinitoys.bg/index.php?route=product/product&path=129&product_id=1476
94029,"Плюшено мече с панделка, 23 см",9.66€,https://tinitoys.bg/index.php?route=product/product&path=129&product_id=1293
94001,"Плюшено мече с панделка, 33 см",11.20€,https://tinitoys.bg/index.php?route=product/product&path=129&product_id=583
SB0307,"Плюшено мече с тениска Thank you, 14 см",9.66€,https://tinitoys.bg/index.php?route=product/product&path=129&product_id=1471
94017,"Плюшено мече Спенсър с панделка, 26 см",11.20€,https://tinitoys.bg/index.php?route=product/product&path=129&product_id=584
SV2966,"Плюшено мече Теди, с розово сърце и панделка, 25 см",12.90€,https://tinitoys.bg/index.php?route=product/product&path=129&product_id=4901
94161,"Плюшено мече, Винсент",12.73€,https://tinitoys.bg/index.php?route=product/product&path=129&product_id=5024
SB5428,"Плюшено мече, Шерлуд, 20 см",14.50€,https://tinitoys.bg/index.php?route=product/product&path=129&product_id=2645
94015,"Плюшено мишле Ричи, 27 см",11.20€,https://tinitoys.bg/index.php?route=product/product&path=129&product_id=588
94227,"Плюшено мишле с гащеризон, Лоренцо, 40 см",15.29€,https://tinitoys.bg/index.php?route=product/product&path=129&product_id=5119
94230,"Плюшено слонче Гулаб, 25 см",12.73€,https://tinitoys.bg/index.php?route=product/product&path=129&product_id=5115
94007,"Плюшено слонче Елвис, 30 см",10.17€,https://tinitoys.bg/index.php?route=product/product&path=129&product_id=589
SM2190,"Плюшено фламинго с подарък чаша, Пипинс, 11 см",6.08€,https://tinitoys.bg/index.php?route=product/product&path=129&product_id=2290
SC1488,"Плюшено черно коле с бели петна, 30 см",17.84€,https://tinitoys.bg/index.php?route=product/product&path=129&product_id=1480
SF2474 Unicorn,"Прегърни ме, Плюшена играчка, Еднорог, Фрея, 12 см",8.90€,https://tinitoys.bg/index.php?route=product/product&path=129&product_id=2149
SF1832,"Прегърни ме, Плюшена играчка, Еднорогът Ава, 25 см, Keel Toys",11.90€,https://tinitoys.bg/index.php?route=product/product&path=129&product_id=2669
SF1833,"Прегърни ме, Плюшена играчка, Жирафчето Лола, 25 см",11.90€,https://tinitoys.bg/index.php?route=product/product&path=129&product_id=2478
SF2474 Unicorn,"Прегърни ме, Плюшена играчка, Златен еднорог, Нора, 12 см",8.90€,https://tinitoys.bg/index.php?route=product/product&path=129&product_id=2148
SF2474,"Прегърни ме, Плюшена играчка, Коте еднорог Уна, 12 см, Keel Toys",8.90€,https://tinitoys.bg/index.php?route=product/product&path=129&product_id=2160
SF2474,"Прегърни ме, Плюшена играчка, Лемурът Спирит, 12 см, Keel Toys",8.90€,https://tinitoys.bg/index.php?route=product/product&path=129&product_id=2159
N12652,"Пухкава малка чанта, Агата",12.20€,https://tinitoys.bg/index.php?route=product/product&path=129&product_id=5233
N12651,"Пухкава малка чанта, Стела",12.20€,https://tinitoys.bg/index.php?route=product/product&path=129&product_id=5234
N12662,"Пухкава чантичка за кръст, Агата",17.30€,https://tinitoys.bg/index.php?route=product/product&path=129&product_id=5231
N12661,"Пухкава чантичка за кръст, Стела",17.31€,https://tinitoys.bg/index.php?route=product/product&path=129&product_id=5232
94197,"Пчеличката Мая, плюшена играчка, 31 см",13.75€,https://tinitoys.bg/index.php?route=product/product&path=129&product_id=5025
SE2099,"Раче, екологична плюшена играчка от серията Keeleco, 25 см",17.90€,https://tinitoys.bg/index.php?route=product/product&path=129&product_id=4457
SE1017,"Риба клоун, екологична плюшена играчка от серията Keeleco, 25 см",12.90€,https://tinitoys.bg/index.php?route=product/product&path=129&product_id=3789
SE2277,"Риба Пуф, екологична плюшена играчка от серията Keeleco, 25 см",13.90€,https://tinitoys.bg/index.php?route=product/product&path=129&product_id=4498
SE3068,"Розова русалка, 25 см",13.90€,https://tinitoys.bg/index.php?route=product/product&path=129&product_id=4903
SE1054_pink,"Розово зайче, екологична плюшена играчка от серията Keeleco, 25 см",16.90€,https://tinitoys.bg/index.php?route=product/product&path=129&product_id=4503
SR3349,"Седнала овца, 30 см",14.78€,https://tinitoys.bg/index.php?route=product/product&path=129&product_id=1564
SR2192,"Седяща овца, 30 см",12.73€,https://tinitoys.bg/index.php?route=product/product&path=129&product_id=3150
SE1054_gray,"Сиво зайче, екологична плюшена играчка от серията Keeleco, 25 см",16.90€,https://tinitoys.bg/index.php?route=product/product&path=129&product_id=4504
SE1165_blue,"Синя змия, екологична плюшена играчка от серията Keeleco, 100 см",12.90€,https://tinitoys.bg/index.php?route=product/product&path=129&product_id=4509
SE6119,"Слон, екологична плюшена играчка от серията Keeleco, 25 см",19.90€,https://tinitoys.bg/index.php?route=product/product&path=129&product_id=4453
SF2489,"Слонче Дъмбо, Пипинс, 15 см, Keel Toys",8.90€,https://tinitoys.bg/index.php?route=product/product&path=129&product_id=2454
94021,Слонче Елвис - ключодържател,5.57€,https://tinitoys.bg/index.php?route=product/product&path=129&product_id=1294
SX3534,"Снежен човек, 20 см",13.90€,https://tinitoys.bg/index.php?route=product/product&path=129&product_id=4976
SX1744,"Снежен човек, Коледна висяща играчка, 25 см",9.15€,https://tinitoys.bg/index.php?route=product/product&path=129&product_id=3164
SE5032,"Снежно леопардче, 20 см",13.90€,https://tinitoys.bg/index.php?route=product/product&path=129&product_id=5677
SE5052,"Стояща планинска крава със звук, 15 см",12.50€,https://tinitoys.bg/index.php?route=product/product&path=129&product_id=5687
SE5053,"Стояща планинска крава, 20 см",13.50€,https://tinitoys.bg/index.php?route=product/product&path=129&product_id=5685
SE5054,"Стояща планинска крава, 30 см",18.50€,https://tinitoys.bg/index.php?route=product/product&path=129&product_id=5686
SF6342,"Таралежчето Нибълс, плюшена играчка",8.90€,https://tinitoys.bg/index.php?route=product/product&path=129&product_id=3148
SE1218,"Тигър, екологична плюшена играчка от серията Keeleco, 25 см",17.50€,https://tinitoys.bg/index.php?route=product/product&path=129&product_id=3807
SE5030,"Тигърче, 20 см",13.90€,https://tinitoys.bg/index.php?route=product/product&path=129&product_id=5675
SE3701,"Тюлен, 30 см",13.90€,https://tinitoys.bg/index.php?route=product/product&path=129&product_id=5693
SE1033,"Фламинго, екологична плюшена играчка от серията Keeleco, 16 см",11.90€,https://tinitoys.bg/index.php?route=product/product&path=129&product_id=4454
SX1744,"Хъски, Коледна висяща играчка, 23 см",9.15€,https://tinitoys.bg/index.php?route=product/product&path=129&product_id=3166
SF1654,"Цветно зайче, 15 см",8.90€,https://tinitoys.bg/index.php?route=product/product&path=129&product_id=3175
SE2094,"Чайка, екологична плюшена играчка от серията Keeleco, 25 см",13.50€,https://tinitoys.bg/index.php?route=product/product&path=129&product_id=4455
SE4976,"Черно-бяла стояща крава със звук, 15 см",12.90€,https://tinitoys.bg/index.php?route=product/product&path=129&product_id=5690
SE4977,"Черно-бяла стояща крава, 20 см",13.50€,https://tinitoys.bg/index.php?route=product/product&path=129&product_id=5688
